title,company,link,source,scraped_at
"Software Engineer, Fullstack, Early Career",Notion,https://www.linkedin.com/jobs/view/software-engineer-fullstack-early-career-at-notion-4296641686?position=1&pageNum=0&refId=Ilb6N5KOPixP8X6EhBFFVg%3D%3D&trackingId=BoGqPM%2FylJWFry9HqSvReA%3D%3D,LinkedIn,2025-09-09 08:54:26
"Software Engineer, Fullstack, Early Career",Notion,https://www.linkedin.com/jobs/view/software-engineer-fullstack-early-career-at-notion-4296646591?position=2&pageNum=0&refId=Ilb6N5KOPixP8X6EhBFFVg%3D%3D&trackingId=Gbedv%2FSWy4SY%2BI1xJZuODA%3D%3D,LinkedIn,2025-09-09 08:54:26
Python Developer,LTIMindtree,https://www.linkedin.com/jobs/view/python-developer-at-ltimindtree-4285578826?position=3&pageNum=0&refId=Ilb6N5KOPixP8X6EhBFFVg%3D%3D&trackingId=pWxvqwyOUVT%2B69YRa8Of2g%3D%3D,LinkedIn,2025-09-09 08:54:26
"Software Engineer, Backend Python",PayPal,https://www.linkedin.com/jobs/view/software-engineer-backend-python-at-paypal-4210778790?position=4&pageNum=0&refId=Ilb6N5KOPixP8X6EhBFFVg%3D%3D&trackingId=AU6lOyq%2FR%2FeXe1x%2FKLq%2B3A%3D%3D,LinkedIn,2025-09-09 08:54:26
Python Developer,BlackRock,https://www.linkedin.com/jobs/view/python-developer-at-blackrock-4280985559?position=5&pageNum=0&refId=Ilb6N5KOPixP8X6EhBFFVg%3D%3D&trackingId=nkd69LeikXDPsszQNglIkQ%3D%3D,LinkedIn,2025-09-09 08:54:26
Python (Pygame) – Puzzle Game Prototype,6 days left,https://www.freelancer.com/projects/game-development/python-pygame-puzzle-game-prototype,Freelancer,2025-09-09 08:54:26
Comprehensive Web-Based Messaging Business Application,6 days left,https://www.freelancer.com/projects/web-development/comprehensive-web-based-messaging,Freelancer,2025-09-09 08:54:26
webscraping data,9 days left,https://www.freelancer.com/projects/python/webscraping-data,Freelancer,2025-09-09 08:54:26
"Modular Automation System for Media Collection, Storage & Crawling",6 days left,https://www.freelancer.com/projects/php/modular-automation-system-for-media,Freelancer,2025-09-09 08:54:26
Low cost shopify developer for regular tweaks,6 days left,https://www.freelancer.com/projects/javascript/low-cost-shopify-developer-for,Freelancer,2025-09-09 08:54:26
